"","gene_short_name","ES_0","ES_2","ES_1","DefEnd_2","DefEnd_0","DefEnd_1","Lung_A_0","Lung_A_4","Lung_A_3","Lung_A_1","Lung_A_2","HLO_2","HLO_3","HLO_4","HLO_0","HLO_5","HLO_1","Lung_F_5","Lung_F_2","Lung_F_4","Lung_F_1","Lung_F_0","Lung_F_3","anova.p","anova.p.adj","Mean.DefEnd","Mean.ES","log2.DefEnd.ovr.ES","ttest.DefEnd.v.ES.p","ttest.DefEnd.v.ES.p.adj","Mean.Lung_A","Mean.Lung_F","log2.Lung_A.ovr.Lung_F","ttest.Lung_A.v.Lung_F.p","ttest.Lung_A.v.Lung_F.p.adj"
"AADACL3","AADACL3",21.4932,20.8812,27.2216,7.29891,0,19.9855,0,0,0,2.79906,0,0,0,0,0,0,0,1.96008,2.61561,2.47889,1.06596,2.45368,4.03148,3.88420366895403e-07,7.61303919114989e-05,9.09480333333333,23.1986666666667,-1.35092754307438,0.0845165868767754,0.209686721871493,0.559812,2.43428333333333,-2.12048277967541,0.0205009136487478,0.0405876674258036
"AADACL4","AADACL4",2.14932,0,3.55064,0,0,0,0,0,0,0,0,0,0.834147,0.997947,0.932524,0.999648,0.55764,0.980038,0.326951,0.413149,0.355321,1.22684,1.20945,0.00010536900376408,0.0206523247377597,0,1.89998666666667,-Inf,0.13957930817515,0.294167144111069,0,0.751958166666667,-Inf,0.00394606726325768,0.0108933687830776
"ACTL8","ACTL8",5.37331,18.0337,7.10128,1.21648,0,1.53735,0,0,0,0,0,0,0.834147,0,0,0,0.55764,0,0,0,0,0,0,0.0595622879521333,1,0.917943333333333,10.16943,-3.46968991204909,0.0813179226578731,0.204337344114656,0,0,NA,NA,NA
"ACTRT2","ACTRT2",0,0,0,0,0,0,0,0,0,0,0,0,0,0,0,0,0,0,0,0,0,0,0,NA,NA,0,0,NA,NA,NA,0,0,NA,NA,NA
"AGRN","AGRN",519.062,532.47,530.229,1259.06,496.49,412.009,2464.08,2815.43,5324.86,3217.52,3764.97,7072.06,5666.36,5961.73,6181.7,7502.36,8990.83,4319.03,4843.45,5947.69,6565.63,8284.87,6779.34,1,1,722.519666666667,527.253666666667,0.454539634719487,0.508704434294277,0.778953665013112,3517.372,6123.335,-0.799819689709783,0.00912926794729967,0.0208062385775667
"AGTRAP","AGTRAP",130.034,132.88,121.905,226.266,70.6119,59.9565,571.954,930.785,736.07,561.211,698.388,243.104,232.727,396.185,386.997,429.849,282.723,203.848,196.498,187.57,219.944,188.934,204.799,5.58089347101941e-08,1.0938551203198e-05,118.9448,128.273,-0.108925329821654,0.870884681695545,1,699.6816,200.2655,1.80478464503331,1.80820046790585e-05,0.000141762916683819
"AJAP1","AJAP1",105.317,108.202,105.336,373.461,377.333,355.127,11.9907,30.7698,27.952,15.3948,11.4961,160.289,117.615,53.8891,73.6694,96.9659,162.273,4.90019,10.7894,3.30519,3.19789,6.13421,4.03148,0.0246729276823487,1,368.640333333333,106.285,1.79427592270059,2.88279635477219e-06,0.000282514042767675,19.52068,5.39306,1.85582732022122,0.00569209937320422,0.0139456434643503
"ALPL","ALPL",2121.38,1992.25,2090.14,2085.05,1370.31,1342.1,1935.29,3538.52,3927.26,2778.07,2373.94,113.538,207.703,147.696,170.652,203.928,208,20.5808,40.8689,24.7889,30.2023,33.9426,20.1574,0.0203364895173516,1,1599.15333333333,2067.92333333333,-0.370874422909864,0.129609780350999,0.291994447687309,2910.616,28.4234833333333,6.67809733633612,1.11071975580273e-05,0.000114579511651229
"ANGPTL7","ANGPTL7",1.07466,0.949144,0,3.64945,4.41325,1.53735,37.171,92.3093,60.5627,33.5887,132.205,2.00361,6.67317,7.98357,6.52767,4.99824,5.01876,1.47006,1.3078,0.826298,1.06596,2.86263,2.82204,1,1,3.20001666666667,0.674601333333333,2.24597234420615,0.0523635073494363,0.146796943706094,71.16734,1.725798,5.36587979785327,0.00246705287501377,0.00755534942972968
"APITD1,APITD1-CORT,CORT","APITD1,APITD1-CORT,CORT",210.634,267.659,228.425,228.699,275.828,298.245,183.457,130.771,186.347,282.705,250.04,260.469,276.103,327.326,238.726,324.886,262.091,146.026,167.072,167.739,146.392,165.215,151.987,1,1,267.590666666667,235.572666666667,0.183855642916436,0.293956196950505,0.519057789209901,206.664,157.405166666667,0.392804202598547,0.0767740870761884,0.128613000572076
"ARHGEF10L","ARHGEF10L",278.338,251.523,259.197,150.844,33.0993,47.6577,962.85,1092.33,1248.52,708.162,948.428,715.288,578.898,772.411,779.59,749.736,784.599,410.636,428.633,462.727,545.063,527.951,460.395,4.1363385436505e-09,8.10722354555497e-07,77.2003333333333,263.019333333333,-1.76848986740183,0.00803400837566926,0.0374920390864565,992.058,472.5675,1.06990405536239,0.00016299051167774,0.000819131802277873
"ARHGEF16","ARHGEF16",110.69,120.541,108.886,507.274,196.389,150.66,130.698,200.003,330.766,260.312,146.575,58.1046,75.0732,54.8871,55.9514,51.9817,61.3404,169.547,162.495,176.002,202.178,199.975,176.982,1.84826998015188e-06,0.000362260916109769,284.774333333333,113.372333333333,1.32875050521807,0.200957271133787,0.393876251422223,213.6708,181.1965,0.237834675973189,0.36772972145097,0.493664557564316
"ATAD3A","ATAD3A",116.064,143.321,118.355,116.783,50.7523,46.1204,148.684,261.543,465.867,207.13,267.284,327.256,276.937,330.32,352.494,309.891,357.447,128.385,112.144,155.344,163.448,210.608,160.05,1,1,71.2185666666667,125.913333333333,-0.822105756709671,0.0887708390487235,0.215831182193968,270.1016,154.9965,0.801266547813369,0.0489796923247957,0.0897198102398128
"ATAD3B","ATAD3B",84.8983,104.406,89.9496,96.1023,61.7854,38.4337,179.86,300.005,414.622,271.509,296.024,256.462,209.371,228.53,212.615,186.934,251.496,125.445,84.6803,100.395,117.256,143.95,118.929,1,1,65.4404666666667,93.0846333333333,-0.508359986974078,0.194130987205356,0.384340136285351,292.404,115.109216666667,1.34495969398691,0.000687009332216283,0.00249358942804429
"ATAD3C","ATAD3C",88.1223,135.728,99.4179,69.3396,81.6451,67.6433,100.722,123.079,121.125,86.7708,146.575,38.7364,42.5415,38.9199,24.2456,35.9873,50.7452,163.176,137.973,92.1322,144.26,135.362,163.275,1,1,72.876,107.756066666667,-0.564253415198809,0.0809847282012399,0.204337344114656,115.65436,139.363033333333,-0.269028276162412,0.148013311735434,0.219777341667766
"B3GALT6","B3GALT6",188.066,238.235,197.652,327.234,392.779,336.679,287.776,384.622,610.286,281.305,454.096,763.374,573.059,804.345,942.782,864.696,803.002,288.621,296.218,411.91,426.386,451.887,369.687,5.51225691449204e-07,0.000108040235524044,352.230666666667,207.984333333333,0.760045661923886,0.00487581270063714,0.025828629441213,403.617,374.118166666667,0.1094929179067,0.651054880246256,0.764112314540516
"C1orf130","C1orf130",44.0612,25.6269,36.69,37.711,55.1656,44.5831,382.502,292.313,326.107,299.499,356.379,45.4151,44.2098,31.9343,11.1903,25.9909,35.689,224.429,258.945,157.41,185.122,259.273,249.952,1,1,45.8199,35.4593666666667,0.369807541273343,0.233046667045891,0.443467444087326,331.36,222.521833333333,0.574452561709427,0.00167030069581573,0.00519649105364895
"C1orf144","C1orf144",2327.72,2477.27,2175.36,2695.73,2440.53,2387.5,2314.2,3038.51,2911.67,2593.33,3236.15,2647.43,2512.45,2669.51,2921.6,2806.01,2473.69,1752.8,2134.99,2354.54,2177.41,2246.35,2110.48,1,1,2507.92,2326.78333333333,0.108154453083418,0.233039451041538,0.443467444087326,2818.772,2129.42833333333,0.40460061209151,0.00332602312039022,0.00972985868054452
"C1orf151-NBL1,MINOS1,NBL1","C1orf151-NBL1,MINOS1,NBL1",1518.5,1647.71,1485.35,1684.83,1844.74,1794.08,6375.43,6477.03,6098.2,6408.44,6518.29,2081.08,2601.7,2244.38,2806.9,2380.16,2073.31,2053.18,1727.61,1976.51,1859.75,1857.03,2040.74,1,1,1774.55,1550.52,0.194701089326643,0.0306439951955521,0.092403431666588,6375.478,1919.13666666667,1.73207605853363,2.22293394128354e-12,4.35695052491573e-10
"C1orf158","C1orf158",1.07466,0,0,0,0,1.53735,39.5692,0,18.6347,148.35,31.6143,25.379,28.361,88.8173,37.301,82.9708,46.2841,15.6806,20.271,5.37094,2.13193,18.8116,25.8015,2.62606103251082e-05,0.0051470796237212,0.51245,0.35822,0.516565359453978,0.817303763009449,1,47.63364,14.6779283333333,1.69833244051338,0.200813617664407,0.291551622683139
"C1orf187","C1orf187",88.1223,106.304,100.601,65.6902,33.0993,18.4482,2.39813,0,18.6347,1.39953,0,254.458,193.522,147.696,145.474,147.948,404.289,25.481,41.1958,36.7703,34.4662,37.2142,32.2519,3.41884665429584e-05,0.00670093944241985,39.0792333333333,98.3424333333333,-1.33141188847223,0.0166507472954037,0.0615763484886628,4.486472,34.5632333333333,-2.94558487306782,3.81595256652053e-05,0.000241266678399362
"C1orf213","C1orf213",5.37331,2.84743,11.8355,58.3913,46.3391,44.5831,125.902,123.079,32.6107,100.766,51.7324,280.505,261.922,268.448,203.29,277.902,247.592,186.207,140.262,149.147,220.655,132.09,148.762,1,1,49.7711666666667,6.68541333333333,2.89622154060639,0.00107433558464067,0.0110826197152406,86.81802,162.853833333333,-0.90751125349003,0.00905353319331043,0.0208062385775667
"C1orf64","C1orf64",0,0,1.18355,2.43297,0,0,0,0,0,0,0,0.667869,3.33659,1.99589,3.7301,2.99895,1.67292,0.490019,0.653902,0.413149,0.355321,0.408947,0,1,1,0.81099,0.394516666666667,1.03959787593272,0.668226598821091,0.949075459195173,0,0.386889666666667,-Inf,0.0032830393982907,0.00972985868054452
"C1QA","C1QA",0,0,0,0,0,0,6128.43,5230.86,7514.43,3570.2,6808.56,0,0,0,0,0,0,168.567,188.651,201.204,125.073,155.809,200.365,1,1,0,0,NA,NA,NA,5850.496,173.278166666667,5.07739715120138,7.14626616734832e-06,0.000100047726342876
"C1QB","C1QB",0,0,0,0,0,0,8073.31,6407.8,10565.9,4856.37,7297.15,0,0,0.997947,0,0,0.55764,100.944,137.973,145.428,131.824,130.863,146.343,1,1,0,0,NA,NA,NA,7440.106,132.229166666667,5.81421083381347,1.2972416359186e-05,0.000115572436654566
"C1QC","C1QC",0,0,0,0,0,0,4888.59,4307.77,7169.69,3749.34,5975.1,0,0,0,0,0,0,193.068,238.674,233.429,227.05,207.336,250.355,2.64691933633219e-10,5.1879618992111e-08,0,0,NA,NA,NA,5218.098,224.985333333333,4.53562117821531,8.19030643149473e-06,0.000107020004038198
"CA6","CA6",0,0,0,0,0,0,2.39813,0,0,0,0,0,0,0,0,0,0.55764,0,0,0,0.710643,0.408947,0,0.668237905841957,1,0,0,NA,NA,NA,0.479626,0.186598333333333,1.36197376746525,0.534946885188608,0.643249015318817
"CALML6","CALML6",17.1946,11.3897,10.6519,8.51539,6.61987,6.14939,7.1944,0,0,4.19859,2.87402,39.4043,15.8488,28.9405,52.2213,28.9898,12.8257,8.33033,3.59646,6.19724,7.46175,6.13421,3.62834,1,1,7.09488333333333,13.0787333333333,-0.882371957301278,0.0524274798950334,0.146796943706094,2.853402,5.89138833333333,-1.04592463743322,0.0749370686192622,0.127718829994569
"CAMTA1","CAMTA1",980.092,1018.43,998.914,940.343,1233.5,1085.37,708.648,723.089,600.968,534.62,603.545,1194.82,1018.49,898.152,955.837,1069.62,1381.27,319.983,324.336,303.665,307.353,366.008,300.346,1,1,1086.40433333333,999.145333333333,0.120794689748347,0.364402312466575,0.600693355695177,634.174,320.281833333333,0.985536761232843,6.90676645696193e-06,0.000100047726342876
"CCDC27","CCDC27",2.14932,0,0,1.21648,0,0,0,0,0,0,2.87402,2.67148,6.67317,3.99179,3.7301,0.999648,2.23056,4.41017,2.94256,4.13149,3.55321,1.22684,3.62834,6.25095633901507e-05,0.0122518744244695,0.405493333333333,0.71644,-0.82116769209857,0.724830413326173,0.99347385323028,0.574804,3.315435,-2.52805616433747,0.0045726629984394,0.0120493031105033
"CDA","CDA",27.9412,30.3726,18.9368,414.821,178.736,167.571,28.7776,69.2319,55.904,30.7896,34.4883,2.67148,0.834147,2.99384,3.7301,1.9993,0,9.80038,3.59646,2.47889,3.90853,3.27158,2.82204,6.24220094162491e-06,0.00122347138455848,253.709333333333,25.7502,3.30052105076557,0.0475888939238041,0.137167988368612,43.83828,4.31298,3.34543426391602,0.000429951842718773,0.00168541122345759
"CDC42","CDC42",7289.43,7899.73,7377.05,11863.2,18142.9,17404.3,6582.87,6192.41,6727.12,6597.38,8455.38,6091.63,6216.06,6017.62,6165.85,6024.88,5677.33,5055.53,5751.07,5967.53,4717.25,5398.52,5555.79,0.144116168876822,1,15803.4666666667,7522.07,1.07103942716571,0.0141464713609065,0.0543668311125035,6911.032,5407.615,0.35390871794619,0.00543073186207272,0.0136464544226443
"CELA2A","CELA2A",0,0,0,0,0,0,13.1897,0,0,15.3948,2.87402,0,0,0.997947,0,0,0,0,0.326951,0,0.355321,0.817895,0.403148,0.132582792079416,1,0,0,NA,NA,NA,6.291704,0.317219166666667,4.30989895148921,0.0780897621486309,0.129708418484167
"CELA2B","CELA2B",0,1.89829,0,0,0,0,3.5972,15.3849,9.31734,19.5934,22.9922,2.67148,2.50244,4.98973,5.59514,0,3.90348,4.41017,2.94256,2.89204,2.48725,3.27158,0.806297,1,1,0,0.632763333333333,-Inf,0.373900966300059,0.600693355695177,14.177008,2.8016495,2.33920470577586,0.00614363214940337,0.0146847792839398
"CELA3A","CELA3A",0,1.89829,0,1.21648,0,0,13.1897,0,0,5.59812,0,4.67508,0.834147,4.98973,4.66262,0,0,0,0,0,0,0,0,0.0153525869419372,1,0.405493333333333,0.632763333333333,-0.641987807079823,0.777415875877817,1,3.757564,0,Inf,0.143188303760131,0.21588390413066
"CELA3B","CELA3B",0,0,0,1.21648,0,0,5.99533,0,0,11.1962,0,0,0,0,0,0,0,0,0.326951,0,0,0,0,0.148544599315188,1,0.405493333333333,0,Inf,0.373900966300059,0.600693355695177,3.438306,0.0544918333333333,5.97951410625845,0.131759806343741,0.200193194134676
"CLCN6,NPPA-AS1","CLCN6,NPPA-AS1",809.221,829.552,821.382,787.065,586.962,662.596,1248.23,1023.09,1034.22,1115.42,850.711,1520.74,1338.81,1249.43,985.678,1067.62,1606.56,763.94,732.044,561.056,619.68,639.185,655.519,1,1,678.874333333333,820.051666666667,-0.27257026698589,0.073731250298655,0.195130782445914,1054.3342,661.904,0.671638346635105,0.000256499335930674,0.00111719710760916
"CLCNKA","CLCNKA",8.5973,5.69486,7.10128,35.2781,13.2397,10.7614,16.7869,0,0,61.5793,0,10.018,12.5122,8.98152,12.1228,13.9951,6.13404,5.88023,8.17378,6.61039,12.0809,8.17895,11.6913,0.422943318782611,1,19.7597333333333,7.13114666666667,1.47035749581883,0.182383982005272,0.372367296594096,15.67324,8.76925833333333,0.837776711204825,0.539675337154828,0.644977841965527
"CLCNKB","CLCNKB",21.4932,18.9829,16.5697,51.0923,13.2397,33.8216,7.1944,15.3849,23.2933,32.1892,40.2363,10.6859,23.3561,8.98152,6.52767,2.99895,11.7104,48.5119,37.9263,55.362,39.0853,47.029,54.425,1,1,32.7178666666667,19.0152666666667,0.782920510761576,0.28209313828356,0.51283446230018,23.65962,47.0565833333333,-0.991969671141752,0.00461070272085584,0.0120493031105033
"CLIC4","CLIC4",18494.9,18546.3,19773.5,14816.8,21485.9,20927.9,10206.4,13631,11148.2,7757.59,11447.2,7428.04,8904.52,7703.15,8871.1,7748.27,6966.04,7550.22,8186.86,8303.47,7226.88,8524.1,7649.74,1.11236398686701e-05,0.00218023341425935,19076.8666666667,18938.2333333333,0.0105224770758051,0.952271069897524,1,10838.078,7906.87833333333,0.454928804589995,0.00930866584173757,0.0209712471836846
"CNKSR1","CNKSR1",155.826,132.88,145.576,358.863,158.877,159.884,531.186,400.007,456.55,621.391,419.607,62.7797,43.3756,27.9425,36.3684,34.9877,68.5897,261.18,231.481,205.748,224.918,281.765,294.701,1.81033981035972e-08,3.54826602830504e-06,225.874666666667,144.760666666667,0.64185281515641,0.291581097175828,0.519057789209901,485.7482,249.9655,0.958479660502601,0.000227033636258573,0.00103485099317861
"CROCC","CROCC",152.602,149.965,159.779,150.844,59.5788,63.0312,411.28,361.545,978.321,750.148,422.481,880.251,910.054,655.651,624.791,652.77,1054.5,723.758,648.344,727.142,979.265,1024.82,876.848,1,1,91.1513333333333,154.115333333333,-0.757674741631239,0.103847858665153,0.248221710955732,584.755,830.0295,-0.505330319535232,0.0888032987407807,0.145045387943275
"CTRC","CTRC",0,0,0,0,0,0,14.3888,0,4.65867,11.1962,0,4.00721,0.834147,0.997947,1.86505,0.999648,0.55764,0,0,0,0.710643,0.408947,0.403148,0.0791674435612263,1,0,0,NA,NA,NA,6.048734,0.253789666666667,4.57492798338962,0.0561015807048255,0.100879906588494
"DDI2,RSC1A1","DDI2,RSC1A1",931.732,814.366,1104.25,841.807,915.749,1136.1,569.556,392.314,475.184,412.861,350.631,332.599,271.098,372.234,511.023,315.889,272.686,495.899,474.733,506.934,480.039,465.791,491.035,0.540690708174668,1,964.552,950.116,0.0217553542118474,0.911559320548722,1,440.1092,485.7385,-0.142318309986247,0.225289301780593,0.32231170181749
"DDX11L1","DDX11L1",0,0,0,0,0,0,1.19907,0,0,0,0,0,0,0,0,0.999648,0,0,0,0,0,0,0,0.344722849946733,1,0,0,NA,NA,NA,0.239814,0,Inf,0.296665036924099,0.412385441398039
"DFFB","DFFB",271.89,298.98,261.564,200.72,191.976,170.645,172.665,215.388,149.077,132.955,140.827,224.404,189.351,152.686,133.351,131.954,230.863,289.601,251.752,226.819,234.512,267.452,258.418,9.57373060421713e-05,0.0187645119842656,187.780333333333,277.478,-0.563327416975514,0.00328994874571881,0.0214943318053629,162.1824,254.759,-0.651515847021927,0.000391310939853458,0.00156524375941383
"DNAJC16","DNAJC16",735.069,734.637,752.736,1026.71,1094.49,1216.04,714.643,646.165,512.454,715.159,540.316,586.389,621.439,673.614,782.388,677.762,591.098,721.308,678.751,663.104,639.578,762.687,726.877,1,1,1112.41333333333,740.814,0.586509673766798,0.00262424875829129,0.0183697413080391,625.7474,698.7175,-0.159128882817255,0.129777173471179,0.200193194134676
"EFHD2","EFHD2",170.871,150.914,157.412,642.304,414.845,421.233,1037.19,1446.18,3023.48,1388.33,2083.67,851.533,554.708,1316.29,1229.07,990.652,413.769,229.329,230.827,308.622,308.774,405.676,376.137,1.20167641406613e-09,2.35528577156962e-07,492.794,159.732333333333,1.62532831516525,0.0113310615003331,0.0453242460013324,1795.77,309.894166666667,2.53475507978135,0.00116126276585972,0.00379345836847509
"ENO1-AS1","ENO1-AS1",5.37331,0.949144,2.36709,1.21648,0,4.61204,2.39813,0,0,6.99765,5.74805,10.018,5.83903,3.99179,5.59514,10.9961,10.5952,1.96008,1.63476,2.47889,2.13193,1.22684,2.41889,1,1,1.94284,2.89651466666667,-0.576150875609477,0.6418893891297,0.928991045743378,3.028766,1.97523166666667,0.616708250107319,0.446748312059087,0.561299161305007
"EPHA8","EPHA8",22.5679,21.8303,20.1203,14.5978,4.41325,3.07469,1.19907,0,4.65867,0,0,93.5016,42.5415,13.9713,44.7612,29.9895,102.606,1.96008,0.653902,0.413149,3.19789,2.45368,1.61259,3.94682223299014e-06,0.000773577157666067,7.36191333333333,21.5061666666667,-1.5465977256423,0.018900550145909,0.0673546877926939,1.171548,1.71521516666667,-0.549973503197086,0.579133073928627,0.683795677650668
"EPHB2","EPHB2",387.953,439.454,453.299,485.377,357.473,282.872,100.722,246.158,130.443,149.75,296.024,2211.98,1548.18,1106.72,1266.37,1355.52,2305.28,493.449,582.627,748.626,676.887,720.974,672.451,7.04820093257471e-07,0.000138144738278464,375.240666666667,426.902,-0.186088733261192,0.454138414795033,0.712089034398611,184.6194,649.169,-1.81403994714129,1.2935693807692e-05,0.000115572436654566
"ESPN","ESPN",32.2399,43.6606,33.1393,14.5978,11.0331,6.14939,33.5738,0,32.6107,81.1727,17.2441,405.396,221.883,361.257,309.598,378.867,313.394,14.7006,9.48158,18.5917,17.0554,17.5847,18.1417,4.56477099143889e-11,8.94695114322023e-09,10.59343,36.3466,-1.77865062640582,0.00428232405275379,0.0233148753983262,32.92026,15.9259466666667,1.04759659862925,0.200623229245957,0.291551622683139
"EXTL1","EXTL1",8.5973,6.64401,11.8355,17.0308,2.20662,6.14939,5.99533,15.3849,13.976,9.7967,2.87402,86.1551,76.7415,175.639,206.088,140.95,56.3216,10.2904,13.078,14.8734,18.832,16.7668,12.0945,1,1,8.46227,9.02560333333333,-0.0929786573350103,0.910074882867064,1,9.60539,14.3225166666667,-0.576368919800025,0.0979687027890296,0.156112729647559
"FAM110D","FAM110D",6.44797,3.79658,8.28483,10.9484,8.82649,9.22408,49.1617,30.7698,130.443,103.565,149.449,8.6823,6.67317,5.98768,8.39272,6.99754,5.5764,20.0908,27.4639,37.5966,27.3597,42.5305,24.1889,1,1,9.66632333333333,6.17646,0.646187049726264,0.0746673912420588,0.195130782445914,92.6777,29.8717333333333,1.6334412872981,0.0152823574956941,0.0318653411612345
"FAM213B","FAM213B",413.745,366.37,305.355,371.028,311.134,275.185,527.589,815.399,545.064,502.431,497.206,697.255,705.688,677.606,564.177,700.754,806.905,699.257,654.229,901.904,814.752,1030.14,884.508,1,1,319.115666666667,361.823333333333,-0.181206009721084,0.366924686945022,0.600693355695177,577.5378,830.798333333333,-0.524582947604749,0.0136715820751703,0.0290935650936287
"FAM43B","FAM43B",9.67196,8.5423,10.6519,1.21648,2.20662,0,3.5972,0,0,4.19859,11.4961,124.224,100.932,144.702,191.167,146.948,134.391,13.2305,11.1163,13.2208,17.4107,17.5847,8.46612,5.14683524600210e-11,1.00877970821641e-08,1.14103333333333,9.62205333333333,-3.07600385793942,0.000655183428307777,0.00901666793299114,3.858378,13.5048533333333,-1.80741157756318,0.0037112744934445,0.0103915685816446
"FAM54B","FAM54B",630.827,585.622,566.919,632.572,635.507,714.866,1207.46,1100.02,1048.2,1028.65,1118,1488.68,1381.35,1647.61,1731.7,1587.44,1428.12,995.719,889.634,836.627,915.663,901.729,952.64,1,1,660.981666666667,594.456,0.153040227344229,0.113719919188033,0.26534647810541,1100.466,915.335333333333,0.26574229536499,0.000807461881083944,0.00276066454291927
"FBLIM1","FBLIM1",1115.5,1244.33,1112.53,1750.52,1299.7,1129.95,823.758,1069.25,861.854,656.379,1005.91,983.771,1214.52,1532.85,1558.25,1783.37,1266.96,1480.35,1292.76,1741.84,1682.8,1761.75,1888.75,1,1,1393.39,1157.45333333333,0.267645087090019,0.282582254736834,0.51283446230018,883.4302,1641.375,-0.893716827934696,0.000119621182505135,0.000651270882527955
"FBXO44","FBXO44",257.919,276.201,216.589,227.483,123.571,119.913,490.418,530.778,549.723,555.613,284.528,719.963,642.293,714.53,552.054,754.735,858.766,279.311,211.21,199.964,252.989,254.365,240.68,1,1,156.989,250.236333333333,-0.672627803337994,0.0772267647809023,0.19916376180338,482.212,239.753166666667,1.00811768278862,0.000658312237175529,0.00243451317898875
"FBXO6","FBXO6",21.4932,18.0337,20.1203,58.3913,17.653,24.5975,279.382,376.929,344.742,249.116,321.891,107.527,123.454,124.743,119.363,157.944,118.22,106.824,74.2179,85.935,71.4196,79.7448,76.5982,1,1,33.5472666666667,19.8824,0.754703309831208,0.339906222680704,0.584400172328228,314.412,82.4565833333333,1.93094969310094,1.80330765047104e-06,4.93513654885177e-05
"FHAD1","FHAD1",46.2105,47.4572,49.709,31.6286,13.2397,15.3735,237.415,61.5395,125.784,629.788,80.4727,27.3826,44.2098,56.883,30.7733,49.9824,52.9758,78.4031,95.4697,40.0755,42.9939,89.9684,101.593,0.0747849914350989,1,20.0806,47.7922333333333,-1.2509738093052,0.0093096267573926,0.0424345777778826,226.99984,74.7506,1.6025342161005,0.146290221016787,0.218876971902978
"GABRD","GABRD",3.22399,1.89829,1.18355,0,0,0,17.986,23.0773,37.2694,15.3948,20.1182,10.6859,6.67317,5.98768,1.86505,0.999648,8.3646,90.1635,90.5655,107.006,122.231,137.815,106.431,1,1,0,2.10194333333333,-Inf,0.0245305224536691,0.0801330400153189,22.76914,109.035333333333,-2.25964401541531,5.2681268637536e-06,0.000100047726342876
"GLTPD1","GLTPD1",36.5385,37.9658,31.9558,41.3605,26.4795,21.5229,193.05,253.85,535.747,221.126,321.891,424.765,333.659,452.07,497.035,442.844,439.978,187.187,186.689,248.303,257.253,292.397,214.072,1,1,29.7876333333333,35.4867,-0.252564916572577,0.412084979533159,0.651360128939509,305.1328,230.9835,0.40164747125711,0.238429144075873,0.338638494484573
"GRHL3","GRHL3",24.7172,23.7286,29.5887,10.9484,4.41325,10.7614,7.1944,0,4.65867,9.7967,0,128.231,251.912,190.608,161.327,359.873,489.608,4.41017,6.21207,5.78409,5.32982,2.86263,5.24093,1,1,8.70768333333333,26.0115,-1.57878874924917,0.00352740208356506,0.02230228414125,4.329954,4.973285,-0.199847410543214,0.734281980111164,0.856662310129692
"H6PD","H6PD",514.763,455.589,572.837,1426.94,849.55,853.227,3751.88,4792.39,3279.7,4237.77,3109.69,1801.91,2284.73,1912.07,2457.2,2346.17,2069.96,3736.4,3807.02,4744.19,4554.86,4118.1,4069.38,1,1,1043.239,514.396333333333,1.02011744463754,0.0532848269838935,0.147096142096382,3834.286,4171.65833333333,-0.121663051386602,0.33819110789879,0.46031567464002
"HES3","HES3",63.4051,68.3384,48.5254,1.21648,0,0,0,0,0,0,0,2.67148,4.17073,0,0.932524,0,1.11528,0,0,0.413149,0,0,0,2.54330692532918e-14,4.9848815736452e-12,0.405493333333333,60.0896333333333,-7.21129411289134,0.000562109086326024,0.00901666793299114,0,0.0688581666666667,-Inf,0.389283142476211,0.498689515851879
"HTR6","HTR6",2.14932,0,0,0,0,0,0,0,0,0,0,2.00361,2.50244,0.997947,1.86505,14.9947,0,0.490019,0,0,0.710643,1.22684,0.403148,0.228310824240574,1,0,0.71644,-Inf,0.373900966300059,0.600693355695177,0,0.471775,-Inf,0.0508496758619245,0.0922827450827518
"IGSF21","IGSF21",137.557,181.286,139.659,6.08242,2.20662,0,27.5785,76.9244,41.928,29.3901,63.2285,162.292,37.5366,75.8439,193.965,56.98,163.389,0.490019,3.59646,1.6526,2.48725,0,1.61259,1,1,2.76301333333333,152.834,-5.78957919186081,0.000472379726209115,0.00901666793299114,47.8099,1.63981983333333,4.86570016806667,0.000507399127868727,0.00191250440504367
"ISG15","ISG15",10.7466,8.5423,11.8355,14.5978,4.41325,3.07469,183.457,184.619,628.92,323.291,488.584,168.971,273.6,350.279,124.958,160.943,138.295,49.4919,40.5419,63.2118,87.409,79.3358,66.1163,1,1,7.36191333333333,10.3748,-0.49493085410982,0.468433363742789,0.728674121377672,361.7742,64.3511166666667,2.49105243708651,0.00449129347536807,0.0120493031105033
"KAZN","KAZN",300.905,317.014,323.108,203.153,143.431,169.108,739.824,800.014,684.824,626.989,485.71,872.237,685.669,1005.93,851.394,1104.61,847.613,724.248,666.653,723.011,887.237,711.978,572.471,1,1,171.897333333333,313.675666666667,-0.867726452448799,0.00156507602673437,0.0127814542183307,667.4722,714.266333333333,-0.0977543717882661,0.502689060532198,0.614144660134218
"KCNAB2","KCNAB2",160.125,178.439,166.88,121.648,28.6861,24.5975,1273.41,1038.48,1938.01,1031.45,1324.92,304.548,267.761,236.513,203.29,184.935,345.737,121.035,122.28,167.325,136.443,164.397,132.233,7.70809767337401e-09,1.51078714398131e-06,58.3105333333333,168.481333333333,-1.53076033532449,0.0265847140866965,0.0840419993708469,1321.254,140.618833333333,3.23204610406252,2.45626888829794e-05,0.000171938822180856
"KDM1A","KDM1A",9734.29,9722.08,9495.6,5668.82,6099.11,6198.58,1287.8,1323.1,1290.45,1221.79,1273.19,4172.18,3741.98,3111.6,3342.17,3119.9,3817.6,2318.28,2374.65,2526.41,2215.78,2283.97,2262.87,1.19110585108948e-09,2.33456746813538e-07,5988.83666666667,9650.65666666667,-0.688351325789675,3.45800072497434e-05,0.00135553628418994,1279.266,2330.32666666667,-0.865215929463575,7.98169719169383e-09,3.91103162392998e-07
"KIF1B","KIF1B",5560.3,5119.68,5952.06,7087.24,6950.86,7362.35,2231.46,2107.73,1705.07,2387.6,1684.18,10996.5,8852.8,10925.5,12002.5,10523.3,9941.61,2474.6,2498.23,2695.8,2650.7,2390.3,2369.3,1,1,7133.48333333333,5544.01333333333,0.363676000362924,0.0041155747153083,0.0230472184057265,2023.208,2513.155,-0.312855006138991,0.00704408978923294,0.0164362095082102
"KLHDC7A","KLHDC7A",1363.75,1340.19,1251.01,135.03,99.298,93.7781,187.054,100.002,65.2214,78.3736,123.583,10.6859,28.361,7.98357,2.79757,0,34.016,20.5808,20.9249,47.5121,15.2788,48.2558,53.2156,0.0597185189413361,1,109.3687,1318.31666666667,-3.59142513455636,5.0574132390933e-06,0.000330417664954096,110.8468,34.2946666666667,1.69251098380619,0.00515486720142669,0.0131214801490861
"KLHL17","KLHL17",34.3892,51.2538,35.5064,97.3188,44.1325,15.3735,110.314,69.2319,237.592,113.362,83.3467,315.234,270.264,319.343,235.929,282.901,339.603,116.625,80.43,92.1322,147.458,152.128,105.625,1,1,52.2749333333333,40.3831333333333,0.372366462999277,0.654244934581877,0.93600005239451,122.76932,115.733033333333,0.0851493695299888,0.81979127117681,0.93964379620266
"LDLRAD2","LDLRAD2",10.7466,12.3389,7.10128,9.73188,15.4464,15.3735,28.7776,30.7698,13.976,33.5887,28.7402,12.0216,19.1854,20.9569,11.1903,27.9902,6.69168,20.0908,16.3476,13.2208,18.4767,23.31,19.7543,0.00754627915055792,1,13.51726,10.06226,0.425848368288884,0.230758259566698,0.443467444087326,27.17046,18.5333666666667,0.551914013811495,0.0338747121069618,0.0638408035861972
"LDLRAP1","LDLRAP1",278.338,279.997,246.178,290.74,189.77,198.318,1040.79,1546.18,1029.57,864.909,1026.03,197.689,254.415,238.509,302.138,281.901,271.013,374.375,407.708,478.427,465.826,578.252,477.328,2.73742656375814e-13,5.36535606496595e-11,226.276,268.171,-0.245069659660074,0.287157774813898,0.516357099665358,1101.4958,463.652666666667,1.24834763644181,0.000247164120625535,0.0011010038100592
"LINC00339","LINC00339",360.012,327.455,344.412,187.339,222.869,212.154,352.525,184.619,246.909,200.133,181.063,188.339,199.361,228.53,225.671,243.914,176.214,170.527,165.764,167.325,170.91,150.902,197.946,1,1,207.454,343.959666666667,-0.729447927179354,0.000638821579136431,0.00901666793299114,233.0498,170.562333333333,0.450339195020758,0.065297887344929,0.113260052385894
"LOC100132062,LOC100133331","LOC100132062,LOC100133331",0,0.949144,0,1.21648,0,0,1.19907,0,9.31734,5.59812,0,9.35016,15.0146,8.98152,2.79757,4.99824,15.6139,0,0.653902,2.06575,2.13193,4.08947,2.01574,1,1,0.405493333333333,0.316381333333333,0.358013712915332,0.870859266117045,1,3.222906,1.826132,0.819571058283069,0.452511764143355,0.564919145045208
"LOC100133612","LOC100133612",19.3439,12.3389,7.10128,17.0308,6.61987,13.8361,1.19907,0,0,1.39953,2.87402,18.0325,20.0195,14.9692,15.8529,8.99684,18.4021,16.6607,11.1163,8.26298,13.5022,11.4505,13.3039,5.67075583106699e-06,0.00111146814288913,12.49559,12.9280266666667,-0.0490830567841377,0.931066498298771,1,1.094524,12.3827633333333,-3.49995780738154,1.66413394257717e-05,0.000135904271977136
"LOC100506801","LOC100506801",6.44797,4.74572,7.10128,17.0308,6.61987,1.53735,2.39813,0,9.31734,13.9953,0,8.6823,15.8488,12.9733,3.7301,1.9993,13.3834,6.86027,9.48158,5.37094,10.3043,7.36105,11.6913,0.659302409880056,1,8.39600666666667,6.09832333333333,0.461290668050115,0.644606031740303,0.928991045743378,5.142154,8.51157333333333,-0.727053016058351,0.250129612529227,0.351379607750675
"LOC148413","LOC148413",218.156,221.151,181.083,220.184,143.431,115.301,291.373,284.62,358.718,300.899,367.875,346.624,286.112,375.228,375.807,341.88,326.777,190.127,195.517,253.674,207.508,220.014,200.365,1,1,159.638666666667,206.796666666667,-0.37340279685204,0.236445540603742,0.445608903445513,320.697,211.200833333333,0.602595330835208,0.000279305144268454,0.00119008278862211
"LOC254099","LOC254099",1.07466,0,0,0,0,0,2.39813,0,0,4.19859,0,0,0.834147,0.997947,0,0,3.90348,9.80038,9.15463,3.30519,12.0809,15.54,20.9637,1,1,0,0.35822,-Inf,0.373900966300059,0.600693355695177,1.319344,11.8074666666667,-3.16180678189924,0.00482444113208536,0.0124419797616938
"LOC284632","LOC284632",1.07466,0,1.18355,0,2.20662,1.53735,0,0,0,0,0,0,0,0,0.932524,0,1.11528,15.6806,11.7702,7.84983,11.7256,8.5879,12.9007,1,1,1.24799,0.752736666666667,0.729389220474217,0.547432405904519,0.812854178464286,0,11.4191383333333,-Inf,1.02547918450646e-05,0.000111663288979592
"LOC284661","LOC284661",0,0,0,0,0,0,0,0,0,0,0,0.667869,0,0,0,0,0,0.490019,0,0,0,0,0,0.685591470208399,1,0,0,NA,NA,NA,0,0.0816698333333333,-Inf,0.389283142476212,0.498689515851879
"LOC388588","LOC388588",0,1.89829,1.18355,0,0,0,11.9907,7.69244,13.976,6.99765,22.9922,16.6967,14.1805,15.9671,9.32524,4.99824,14.4986,6.37025,13.405,13.6339,20.964,23.31,17.3354,0.000629932255868161,0.123466722150159,0,1.02728,-Inf,0.137055055711852,0.294167144111069,12.729798,15.836425,-0.31503716408032,0.432198481485633,0.546521950781832
"LOC643837","LOC643837",107.466,123.389,93.5002,120.432,101.505,113.764,140.291,207.696,116.467,163.745,117.835,241.101,206.868,213.561,228.468,207.927,235.324,204.828,188.651,168.978,171.976,172.576,203.187,1,1,111.900333333333,108.1184,0.0496022665911463,0.731104957925402,0.995115081620687,149.2068,185.032666666667,-0.310466707452599,0.0642195390747208,0.113260052385894
"LOC728716","LOC728716",0,0,0,0,0,0,0,0,0,0,0,0,0,0,0,0,0,0,0,0,0,0,0,NA,NA,0,0,NA,NA,NA,0,0,NA,NA,NA
"LYPLA2","LYPLA2",637.275,616.944,550.349,873.436,306.721,324.38,721.838,930.785,1034.22,835.519,965.672,739.331,692.342,937.072,880.303,835.706,786.272,348.404,343.299,435.872,450.903,428.986,424.112,1,1,501.512333333333,601.522666666667,-0.26233392183619,0.622696566609286,0.917658098161053,897.6068,405.262666666667,1.1472263268842,7.07255275546532e-06,0.000100047726342876
"MAN1C1","MAN1C1",193.439,185.083,181.083,102.185,83.8517,59.9565,472.432,823.091,521.771,534.62,615.041,370.667,545.532,1145.64,980.083,1394.51,629.018,259.71,296.218,325.148,301.312,370.915,384.2,1,1,81.9977333333333,186.535,-1.18579041722003,0.00120777202376226,0.0112725388884477,593.391,322.917166666667,0.877818907132596,0.00143579394754319,0.00453896151158813
"MDS2","MDS2",2.14932,0.949144,3.55064,4.86594,4.41325,0,5.99533,7.69244,0,2.79906,11.4961,10.018,7.50732,6.98563,3.7301,5.99789,10.5952,7.35029,10.4624,6.61039,9.23835,11.4505,10.885,0.0112672602252095,1,3.09306333333333,2.216368,0.480838931623095,0.637946786555575,0.928991045743378,5.596586,9.33282166666667,-0.737766298329992,0.0943563809089486,0.152841740976479
"MFN2","MFN2",1823.7,1878.36,1817.93,1846.62,1482.85,1566.56,2607.97,3630.83,2809.18,2887.23,3170.05,2386.3,1980.26,2265.34,2533.67,2416.15,2181.49,1518.08,1581.14,1740.18,1580.82,1641.11,1620.25,1,1,1632.01,1839.99666666667,-0.17305325537648,0.135990726419042,0.294167144111069,3021.052,1613.59666666667,0.904771007957825,1.2222253951993e-05,0.000115572436654566
"MIB2","MIB2",11.8213,18.0337,15.3861,55.9583,17.653,13.8361,323.748,392.314,768.68,447.849,333.387,954.385,890.034,1128.68,1041.63,1004.65,1049.48,500.8,457.732,460.661,760.743,902.547,547.072,1,1,29.1491333333333,15.0803666666667,0.950781482653097,0.358399754291523,0.600693355695177,453.1956,604.925833333333,-0.416624417893911,0.205819866534323,0.296622748828878
"MIIP","MIIP",112.84,134.778,99.4179,232.349,59.5788,72.2553,293.771,323.082,503.136,286.904,439.726,446.804,370.361,476.021,462.532,409.856,462.284,171.997,147.128,194.18,193.65,262.544,218.91,1,1,121.394366666667,115.678633333333,0.0695790615406874,0.924348717074825,1,369.3238,198.068166666667,0.898889205592505,0.00319659630340752,0.00963896731489037
"MIR200A","MIR200A",0,0,0,0,0,0,0,0,0,0,0,0,0,0,0,0,0,0,0.326951,0.413149,0,0,0.403148,0.0354699052212559,1,0,0,NA,NA,NA,0,0.190541333333333,-Inf,0.0762728174925687,0.128613000572076
"MIR200B","MIR200B",0,0,0,0,0,0,0,0,0,0,0,0,0,0,0,0,0,0.980038,0,0,0,0.817895,0.403148,0.0617868111092748,1,0,0,NA,NA,NA,0,0.366846833333333,-Inf,0.10021854906929,0.158409964657909
"MIR3115","MIR3115",0,0,0,0,0,0,0,0,0,0,0,0,0,0,0,0,0,0,0,0,0,0,0,NA,NA,0,0,NA,NA,NA,0,0,NA,NA,NA
"MIR3675","MIR3675",0,0,0,0,0,0,0,0,0,0,0,0,0,0,0,0,0,0,0,0,0,0,0,NA,NA,0,0,NA,NA,NA,0,0,NA,NA,NA
"MIR378F","MIR378F",0,0,0,0,0,0,0,0,0,0,0,0,0,0,0,0,0,0,0,0,0,0,0,NA,NA,0,0,NA,NA,NA,0,0,NA,NA,NA
"MIR4251","MIR4251",0,0,0,0,0,0,0,0,0,0,0,0,0,0,0,0,0,0,0,0,0,0,0,NA,NA,0,0,NA,NA,NA,0,0,NA,NA,NA
"MIR429","MIR429",0,0,0,0,0,0,0,0,0,0,0,0,0,0,0,0,0,1.96008,0.326951,0.826298,1.77661,1.63579,2.82204,4.7733637816292e-05,0.00935579301199324,0,0,NA,NA,NA,0,1.5579615,-Inf,0.00347608076617257,0.00987408449521483
"MIR4417","MIR4417",0,0,0,0,0,0,0,0,0,0,0,0,0,0.997947,0,0,0,0,0,0,0,0,0,0.624289615847645,1,0,0,NA,NA,NA,0,0,NA,NA,NA
"MIR4632,TNFRSF1B","MIR4632,TNFRSF1B",30.0905,36.0675,43.7912,12.1648,17.653,10.7614,1476.05,2830.82,3209.82,1921.55,3095.32,23.3754,84.2488,58.8789,31.7058,66.9764,39.0348,521.87,522.468,474.295,572.778,684.987,552.313,1.99185569126516e-05,0.00390403715487971,13.5264,36.6497333333333,-1.43802477862794,0.00673773050465522,0.0330148794728106,2506.712,554.785166666667,2.1757951323967,0.000145558108614949,0.000750773402329739
"MIR4684","MIR4684",0,0,0,0,0,0,0,0,0,0,0,0,0,0,0,0,0,0,0,0,0,0,0,NA,NA,0,0,NA,NA,NA,0,0,NA,NA,NA
"MMP23A","MMP23A",0,0,0,0,0,0,0,0,0,0,0,0,0,0,0,0,0,0,0,0,0,0,0,NA,NA,0,0,NA,NA,NA,0,0,NA,NA,NA
"MMP23A,MMP23B","MMP23A,MMP23B",0,0,0,0,0,0,7.1944,7.69244,46.5867,12.5958,22.9922,16.6967,19.1854,29.9384,15.8529,29.9895,21.748,76.933,52.9661,76.0194,122.231,121.866,83.4517,5.77470094858618e-07,0.000113184138592289,0,0,NA,NA,NA,19.412308,88.9112,-2.19539350894529,0.000832825156744024,0.00276667340206489
"MRTO4","MRTO4",1523.87,1766.36,1512.57,896.549,990.774,1234.49,340.535,353.852,419.28,415.66,583.427,651.172,523.01,788.378,759.075,666.766,510.241,470.908,506.447,573.864,510.597,553.715,534.172,1.32770806569786e-23,2.6023078087678e-21,1040.60433333333,1600.93333333333,-0.621491611678652,0.0126576029111,0.0496178034115122,422.5508,524.9505,-0.313056594994873,0.0389798575365796,0.0720759629921661
"MST1P2","MST1P2",6.44797,7.59315,13.019,36.4945,17.653,10.7614,324.947,130.771,288.838,239.32,186.812,112.87,112.61,117.758,70.8718,87.9691,121.566,276.371,102.009,192.941,134.311,192.614,280.994,1,1,21.6363,9.02004,1.26224807021651,0.187863421277453,0.379600315158564,234.1376,196.54,0.252533673505956,0.428739495092512,0.54566844829956
"NBPF3","NBPF3",767.309,732.739,802.445,749.354,712.739,710.254,303.364,323.082,354.059,292.502,189.686,508.916,544.698,502.965,483.98,374.868,564.889,563.522,705.561,530.483,626.431,557.804,645.844,1,1,724.115666666667,767.497666666667,-0.0839421997234881,0.141948238163959,0.295977177448254,292.5386,604.940833333333,-1.04816704691948,2.14902513162038e-05,0.000156003305850961
"NECAP2","NECAP2",584.616,651.113,620.179,1103.35,944.435,847.078,1942.49,2346.19,2212.87,1945.35,2532.01,489.548,618.937,589.786,506.361,589.793,613.962,1134.88,1119.81,1146.08,1066.32,1156.91,1116.72,1,1,964.954333333333,618.636,0.641369878191686,0.0108997916066879,0.0445074823939755,2195.782,1123.45333333333,0.966794630628158,2.879731343107e-06,6.27141492498858e-05
"NIPAL3","NIPAL3",243.948,239.184,267.482,182.473,156.67,161.421,1730.25,1584.64,1569.97,1491.9,1517.48,518.934,513,504.961,428.029,474.833,523.624,543.431,654.883,593.695,584.859,539.402,605.529,3.717081198478e-18,7.28547914901689e-16,166.854666666667,250.204666666667,-0.584516661002283,0.00212313057355321,0.0156288480951816,1578.848,586.9665,1.42752221398625,2.13609525821625e-09,2.09337335305192e-07
"NMNAT1","NMNAT1",239.65,200.269,183.45,296.822,324.374,367.426,264.994,223.081,218.957,173.542,258.662,293.194,343.668,310.361,277.892,320.887,313.951,450.328,460.347,412.736,380.904,378.685,437.819,1,1,329.540666666667,207.789666666667,0.665332599564047,0.0100034383940034,0.0439390318342446,227.8472,420.1365,-0.882791486122958,9.60917894539737e-06,0.000110788180782229
"OR4F3","OR4F3",0,0,0,0,0,0,0,0,0,0,0,0,0,0,0,0,0,0,0,0,0,0,0,NA,NA,0,0,NA,NA,NA,0,0,NA,NA,NA
"OR4F5","OR4F5",0,0,0,0,0,0,0,0,0,0,0,0,0,0,0,0,0,0,0,0,0,0,0,NA,NA,0,0,NA,NA,NA,0,0,NA,NA,NA
"OTUD3","OTUD3",1215.44,1198.77,1314.92,996.301,1189.37,1097.67,603.13,769.244,614.944,873.306,528.82,573.031,716.532,350.279,352.494,370.87,658.573,1704.29,1392.48,740.776,1146.62,1305.77,1627.11,0.00101183184364512,0.198319041354443,1094.447,1243.04333333333,-0.183674498741957,0.0891955395801601,0.215831182193968,677.8888,1319.50766666667,-0.96087919304606,0.0040700661484646,0.0110796245152647
"PADI1","PADI1",17.1946,22.7795,27.2216,2.43297,0,0,1.19907,0,0,0,5.74805,4.67508,4.17073,0,0.932524,0.999648,3.34584,0.490019,0,0,0,0,0.403148,8.64512401106135e-10,1.69444430616802e-07,0.81099,22.3985666666667,-4.78757847855144,0.00200638859139702,0.0156288480951816,1.389424,0.148861166666667,3.22244756980166,0.250985434107625,0.351379607750675
"PADI3","PADI3",31.1652,25.6269,34.3229,7.29891,0,0,0,0,0,0,0,0,0,0,2.79757,0.999648,1.11528,0.490019,0.980853,0.413149,0.710643,0.817895,0.403148,9.67232644901859e-13,1.89577598400764e-10,2.43297,30.3716666666667,-3.64193564339609,0.00136171577909216,0.0121316496682756,0,0.635951166666667,-Inf,0.000222086135461091,0.00103485099317861
"PADI4","PADI4",4.29865,3.79658,4.73419,2.43297,0,0,17.986,30.7698,46.5867,36.3878,51.7324,0,0,0,0,0,0,26.9511,18.3093,11.9813,22.3852,15.1311,17.7385,1,1,0.81099,4.27647333333333,-2.39866551350073,0.0154371726646755,0.0581862661976232,36.69254,18.7494166666667,0.968641065927622,0.0138045997638136,0.0290935650936287
"PADI6","PADI6",0,0,0,0,0,0,0,0,0,0,0,0,0.834147,0,0,0,0,0,0.326951,0,0,0,0,0.218768910233616,1,0,0,NA,NA,NA,0,0.0544918333333333,-Inf,0.389283142476211,0.498689515851879
"PARK7","PARK7",4638.24,4973.51,4546,3456.03,4110.94,3914.08,2217.07,1784.65,2529.66,1820.79,2908.51,2636.75,2601.7,3164.49,3223.74,3215.87,2395.62,1615.1,1681.18,1770.34,1692.4,1698.77,1716.2,0.000434606740664038,0.0851829211701515,3827.01666666667,4719.25,-0.302337415614952,0.0187522946787081,0.0673546877926939,2252.136,1695.665,0.409442774785641,0.0186469980796994,0.0384717013012746
"PAX7","PAX7",5.37331,9.49144,7.10128,21.8967,33.0993,46.1204,0,0,0,0,0,703.266,341.166,437.101,812.228,415.854,243.689,0,0.653902,1.23945,0.355321,0,0,2.34693045299209e-06,0.00045999836878645,33.7054666666667,7.32201,2.20267095099965,0.0205506038248748,0.0706652342048325,0,0.374778833333333,-Inf,0.130768385906288,0.200193194134676
"PDIK1L","PDIK1L",268.666,277.15,263.931,291.956,333.2,342.828,633.107,369.237,349.4,379.272,465.592,673.212,476.298,525.918,594.95,487.828,690.916,746.299,857.266,793.246,671.202,706.661,825.245,1,1,322.661333333333,269.915666666667,0.257511983057855,0.0304612864533854,0.092403431666588,439.3216,766.653166666667,-0.803296617383568,0.000286188180912207,0.00119346560550622
"PDPN","PDPN",2747.91,3003.09,2668.9,642.304,522.97,570.356,1489.24,1653.87,1187.96,1287.57,1531.85,813.464,863.342,1140.65,1203.89,1477.48,921.221,855.083,1043.95,1104.35,701.049,852.247,1102.21,4.02959527055738e-17,7.89800673029246e-15,578.543333333333,2806.63333333333,-2.27834367088098,3.1011890277636e-05,0.00135553628418994,1430.098,943.148166666667,0.600557675339403,0.00135111729481274,0.00434129491448028
"PER3","PER3",420.193,396.742,493.539,152.061,127.984,158.347,2087.57,3392.37,1323.06,773.94,577.679,473.519,477.132,535.897,534.336,675.762,639.613,540.981,415.228,644.926,374.509,468.654,441.044,1,1,146.130666666667,436.824666666667,-1.57979535404603,0.000684181222187338,0.00901666793299114,1630.9238,480.890333333333,1.76190954691151,0.0352532753925025,0.0658061140660046
"PEX14","PEX14",117.138,135.728,107.703,200.72,116.951,109.152,374.109,384.622,423.939,341.485,385.119,356.642,294.454,354.271,353.427,335.882,325.104,266.57,228.539,267.721,284.968,284.219,273.335,1,1,142.274333333333,120.189666666667,0.243362553976671,0.50835749645122,0.778953665013112,381.8548,267.558666666667,0.513168897862665,3.48349186718929e-05,0.000227588135323033
"PGD","PGD",7101.37,7282.78,6909.55,4695.63,3702.71,4020.16,2520.44,2515.43,2785.88,1587.07,2779.18,3392.77,3296.55,3483.83,3552.92,3610.73,3574.47,1877.75,1991.46,2281,1966.7,2164.56,2189.5,1.61416930185403e-13,3.16377183163389e-11,4139.5,7097.9,-0.777935730211164,0.00069005111732075,0.00901666793299114,2437.6,2078.495,0.229922127698629,0.123369989294505,0.191908872235897
"PHF13","PHF13",1005.88,1120.94,1058.09,1276.09,1354.87,1229.88,591.139,630.78,568.358,752.947,410.985,756.695,816.63,813.327,868.18,893.686,756.16,592.433,515.929,730.861,584.504,578.661,570.455,1.50066053684827e-06,0.000294129465222261,1286.94666666667,1061.63666666667,0.277662162685958,0.0103122217570166,0.0439390318342446,590.8418,595.473833333333,-0.0112662183516466,0.939486143201852,1
"PIK3CD","PIK3CD",683.485,613.147,632.014,366.162,238.315,207.542,928.077,1030.79,1607.24,985.269,959.924,221.065,201.863,147.696,94.1849,111.961,233.093,247.46,280.524,272.265,325.119,256.001,290.267,0.00179613080444619,0.352041637671453,270.673,642.882,-1.24800297346492,0.00215295356413216,0.0156288480951816,1102.26,278.606,1.98416633256934,5.52814628782003e-05,0.000328338385579614
"PINK1","PINK1",279.412,269.557,254.463,1007.25,593.582,598.028,1637.92,2184.65,1560.65,1573.07,1678.43,1441.93,1225.36,1919.05,2055.28,1988.3,1279.78,697.297,719.619,807.706,732.317,633.46,677.692,1,1,732.953333333333,267.810666666667,1.45250792271982,0.0276153484716725,0.0859144174674255,1726.944,711.3485,1.2795928655492,6.12789362325663e-06,0.000100047726342876
"PITHD1","PITHD1",1652.83,1671.44,1532.69,991.435,1213.64,1254.47,894.503,930.785,1104.1,930.687,1063.39,1054.56,930.073,1011.92,958.635,864.696,1122.53,725.718,617.284,621.789,524.099,577.434,589.403,1,1,1153.18166666667,1618.98666666667,-0.489471298126154,0.00732486863112622,0.0350164451634326,984.693,609.287833333333,0.692550070377733,2.70716597517003e-05,0.000182967079701147
"PLA2G2F","PLA2G2F",0,0,0,0,0,0,0,0,0,0,0,0,0,0,0,0,0,0,0.326951,0,0,0,0,0.624289615847645,1,0,0,NA,NA,NA,0,0.0544918333333333,-Inf,0.389283142476211,0.498689515851879
"PLA2G5","PLA2G5",0,0,0,0,0,0,77.9393,107.694,65.2214,106.364,89.0947,0,0.834147,0,0.932524,0.999648,0.55764,6.37025,8.17378,3.30519,4.9745,6.95211,6.04723,2.92037449300255e-05,0.005723934006285,0,0,NA,NA,NA,89.26268,5.97051,3.9021310457052,1.36121236615305e-06,4.44662706276664e-05
"PLCH2","PLCH2",4.29865,0.949144,2.36709,0,0,1.53735,91.129,46.1546,177.029,197.334,40.2363,341.949,181.844,134.723,154.799,191.932,274.916,96.5338,71.6023,56.6014,159.539,111.643,110.866,1,1,0.51245,2.53829466666667,-2.30837640698821,0.138695423026043,0.294167144111069,110.37658,101.130916666667,0.126209979636704,0.790137064718528,0.910981556969597
"PLEKHM2","PLEKHM2",471.777,441.352,447.381,714.076,346.44,325.917,1743.44,2361.58,2552.95,2041.91,2003.19,1508.05,1237.87,1816.26,1888.36,1696.4,1388.52,1355.88,1378.1,1458.42,1598.24,1587.13,1385.62,1,1,462.144333333333,453.503333333333,0.02723033847163,0.948797355993157,1,2140.614,1460.565,0.551498105061296,0.000793033801044497,0.00276066454291927
"PLEKHN1","PLEKHN1",4.29865,1.89829,5.91774,18.2473,2.20662,3.07469,8.39346,0,51.2454,11.1962,0,6.67869,10.8439,4.98973,0.932524,8.99684,7.24932,5.39021,6.86597,2.47889,8.88303,15.54,8.86926,0.0501272521247028,1,7.84287,4.03822666666667,0.957659795358693,0.515338692069945,0.779893989294641,14.167012,8.00456,0.823641500904633,0.503040062551553,0.614144660134218
"PLOD1","PLOD1",706.053,757.417,601.242,1956.11,942.228,1016.19,1628.33,2938.51,1975.28,1503.09,2621.11,8754.43,13525.7,12942.4,15602.1,13540.2,9264.63,2227.63,2699.96,2183.08,2605.57,2229.58,2369.71,5.3776459600393e-10,1.0540186081677e-07,1304.84266666667,688.237333333333,0.922897804103293,0.134669561429579,0.294167144111069,2133.264,2385.92166666667,-0.161484161960292,0.375327215366719,0.498689515851879
"PNRC2","PNRC2",5776.31,6037.5,5620.66,3286.94,5150.26,4668.92,4492.9,3123.13,3326.29,3910.28,3664.38,2169.24,2293.07,1740.42,1910.74,1980.3,2209.37,3489.92,3825.65,3738.59,2985.76,3335.78,3423.54,1,1,4368.70666666667,5811.49,-0.411701861247542,0.0650508667059548,0.175122947623988,3703.396,3466.54,0.0953524158157909,0.377793152889547,0.498689515851879
"PQLC2","PQLC2",88.1223,110.101,102.969,156.927,88.2649,99.9275,133.096,200.003,316.79,183.338,152.323,291.191,277.771,373.232,349.697,341.88,273.801,124.955,119.01,146.255,138.22,148.857,134.248,1,1,115.0398,100.397433333333,0.196410685554102,0.545199292002629,0.812854178464286,197.11,135.2575,0.543292377212617,0.0652085368790281,0.113260052385894
"PRAMEF1","PRAMEF1",0,0,0,0,0,0,0,0,0,0,0,0,0,0,0,0,0,0,0,0,0,0.408947,0,0.495145114789045,1,0,0,NA,NA,NA,0,0.0681578333333333,-Inf,0.389283142476211,0.498689515851879
"PRAMEF12","PRAMEF12",0,0,0,0,0,0,0,0,0,0,0,0,0,0.997947,0,1.9993,0.55764,0,0,0,0,0,0,0.037476785226727,1,0,0,NA,NA,NA,0,0,NA,NA,NA
"PRAMEF16","PRAMEF16",0,0,0,0,0,0,0,0,0,0,0,0,0,0,0,0,0,0.490019,0.653902,0.413149,0.355321,1.22684,0,0.00187425430848649,0.367353844463353,0,0,NA,NA,NA,0,0.523205166666667,-Inf,0.0190944277449562,0.0385825550310456
"PRAMEF17","PRAMEF17",0,0,0,0,0,0,0,0,0,0,0,0.667869,0,0,0,0,0,0,0,0,0,0,0,0.624289615847645,1,0,0,NA,NA,NA,0,0,NA,NA,NA
"PRAMEF2","PRAMEF2",0,0,0,0,0,0,0,0,0,0,0,0,0,0,0,0,0,0,0,0,0,0,0,NA,NA,0,0,NA,NA,NA,0,0,NA,NA,NA
"PRAMEF20,PRAMEF21","PRAMEF20,PRAMEF21",0,0,0,0,0,0,0,0,0,0,0,0,0,0,0,0,0,0,0,0,0,0,0,NA,NA,0,0,NA,NA,NA,0,0,NA,NA,NA
"PRAMEF22","PRAMEF22",0,0,0,0,0,0,0,0,0,0,0,0,0,0,0,0,0,0,0,0,0,0,0,NA,NA,0,0,NA,NA,NA,0,0,NA,NA,NA
"PRAMEF5","PRAMEF5",0,0,0,0,0,0,0,0,0,0,0,0,0,0,0,0,0,0,0,0,0,0,0,NA,NA,0,0,NA,NA,NA,0,0,NA,NA,NA
"PRAMEF7,PRAMEF8","PRAMEF7,PRAMEF8",0,0,0,0,0,0,0,0,0,0,0,0,0,0,0,0,0,0,0,0,0,0,0,NA,NA,0,0,NA,NA,NA,0,0,NA,NA,NA
"PRAMEF9","PRAMEF9",0,0,0,0,0,0,0,0,0,0,0,0,0,0,0,0,0,0,0,0,0,0,0,NA,NA,0,0,NA,NA,NA,0,0,NA,NA,NA
"PRDM16","PRDM16",12.8959,10.4406,11.8355,17.0308,2.20662,10.7614,570.755,361.545,582.334,509.429,402.363,407.4,583.068,270.444,204.223,298.895,721.586,572.832,572.818,665.996,766.783,898.049,897.005,1,1,9.99960666666667,11.724,-0.229521620261068,0.712331567478059,0.987205737286537,485.2852,728.913833333333,-0.586915418025034,0.0124870483361566,0.0271940163765187
"PRDM2","PRDM2",1046.72,989.957,1084.13,1347.86,1407.83,1486.61,2342.97,1938.49,1802.91,2165.07,1408.27,1764.51,1548.18,1213.5,1393.19,1334.53,1672.92,1626.37,1893.7,1951.72,1842.34,1986.67,1984.3,1,1,1414.1,1040.269,0.442927507155526,0.00153865533309014,0.0127814542183307,1931.542,1880.85,0.038368251461027,0.754654313062954,0.875220386747568
"PRKCZ","PRKCZ",421.268,422.369,392.938,451.316,275.828,318.231,1516.82,1623.1,1355.67,1476.5,1572.09,396.714,295.288,273.437,294.678,318.888,413.769,533.141,461.328,518.502,424.254,465.791,576.099,2.44967271268157e-15,4.80135851685588e-13,348.458333333333,412.191666666667,-0.242329180881113,0.30123944281981,0.527169024934667,1508.836,496.519166666667,1.60351468849589,5.97115968648596e-09,3.90115766183749e-07
"PTCHD2","PTCHD2",41.9118,53.1521,31.9558,7.29891,2.20662,4.61204,0,0,9.31734,9.7967,0,492.887,408.732,86.8214,109.105,212.925,855.977,17.6407,18.9632,23.1363,31.2683,24.1279,16.1259,0.00398330123055894,0.780727041189553,4.70585666666667,42.3399,-3.1694885779193,0.00393821617383222,0.0227026579432681,3.822808,21.87705,-2.51671356379845,0.000378105111947471,0.00154392920711884
"PUSL1","PUSL1",52.6585,64.5418,37.8735,47.4429,2.20662,15.3735,88.7309,69.2319,172.371,86.7708,77.5986,136.913,107.605,131.729,164.124,144.949,155.582,56.8422,41.8497,62.3855,81.3686,95.2848,83.0486,1,1,21.67434,51.6912666666667,-1.25393249221874,0.124695506045016,0.287533166880273,98.94064,70.1299,0.49653356079859,0.165517098539673,0.243919934690044
"RBP7","RBP7",60.1811,48.4063,36.69,8.51539,4.41325,7.68673,97.1243,53.8471,65.2214,124.558,91.9688,4.67508,5.00488,4.98973,0.932524,1.9993,4.46112,3.92015,4.90427,5.78409,3.19789,5.72526,5.64408,1,1,6.87179,48.4258,-2.81701802861818,0.00382184243189454,0.022699427777313,86.54392,4.86262333333333,4.15362572147086,4.81899559986253e-05,0.00029516348049158
"RCAN3","RCAN3",421.268,408.132,428.444,1225,1180.54,1236.03,434.062,238.466,433.256,663.377,284.528,167.635,159.322,123.745,105.375,103.963,149.448,172.487,200.748,205.335,174.463,201.202,219.716,1,1,1213.85666666667,419.281333333333,1.53360756982455,1.56514291746268e-06,0.000282514042767675,410.7378,195.6585,1.0698799372916,0.0111634970602669,0.0245847800428351
"RER1","RER1",1247.68,1212.06,1162.24,1199.45,1372.52,1580.39,1823.78,2138.5,2222.19,1624.85,2006.07,1564.15,1546.51,1648.61,1614.2,1632.43,1492.24,1060.4,1053.44,1020.07,1077.33,1254.24,1103.01,1.12433198415273e-07,2.20369068893936e-05,1384.12,1207.32666666667,0.197152947462044,0.192341919064174,0.384340136285351,1963.078,1094.74833333333,0.842518243891387,1.62750507837834e-05,0.000135904271977136
"RHD","RHD",32.2399,35.1183,28.4051,43.7934,24.2729,23.0602,20.3841,0,0,13.9953,0,31.3898,35.8683,19.9589,13.9879,14.9947,37.9195,96.5338,113.452,63.625,56.8514,66.2495,67.7289,1,1,30.3755,31.9211,-0.0716022110485135,0.835918825592785,1,6.87588,77.4067666666667,-3.49284341615755,0.000108657223601469,0.000608480452168226
"RNF207","RNF207",67.7037,74.9824,66.2786,70.5561,50.7523,63.0312,189.452,230.773,218.957,302.298,68.9766,440.793,526.347,401.175,348.764,460.838,503.549,265.1,192.901,169.391,180.503,196.295,223.747,1,1,61.4465333333333,69.6549,-0.180893225904972,0.26700940455195,0.493715502756437,202.09132,204.656166666667,-0.0181947804636532,0.947393040723123,1
"RPL11","RPL11",24974.1,27343.9,23428.3,16726.7,17869.2,18435.9,14391.2,7238.58,10197.8,9396.44,12105.4,12352.2,12010,16119.8,17111.8,13772.2,9315.93,14620.7,13428.9,12965.9,13528.1,11659.5,12972.1,1,1,17677.2666666667,25248.7666666667,-0.514317701472811,0.0036912429480809,0.0226088630569955,10665.884,13195.8666666667,-0.307082563088345,0.0606460105989492,0.108060164339946
"SAMD11","SAMD11",0,0,0,142.329,30.8927,43.0457,40.7682,69.2319,83.8561,34.9882,97.7168,274.494,401.225,632.698,478.385,602.788,632.364,295.482,273.004,349.524,625.01,512.82,300.346,1,1,72.0891333333333,0,Inf,0.110630044277462,0.261246851546778,65.31224,392.697666666667,-2.58799373180248,0.000745393684243001,0.00265631203839324
"SCNN1D","SCNN1D",7.52264,6.64401,23.6709,20.6802,2.20662,4.61204,68.3468,115.387,97.8321,144.152,34.4883,259.801,220.215,262.46,150.136,223.921,357.447,209.238,107.24,133.86,197.203,171.758,151.584,1.38431866662246e-06,0.000271326458658002,9.16628666666667,12.6125166666667,-0.460446865356505,0.689413442194396,0.972122551583465,92.04124,161.813833333333,-0.81398262275554,0.0188522467256048,0.0384900037314432
"SEPN1","SEPN1",2201.98,2129.88,2165.89,2610.58,1279.84,1420.51,4211.12,5630.87,3712.96,3967.67,3911.55,3305.28,3421.67,4231.29,4000.53,4862.29,3875.04,2693.15,3049.8,3225.45,3119.72,3345.6,3263.08,1,1,1770.31,2165.91666666667,-0.290975722942546,0.402212433055832,0.640923877064578,4286.834,3116.13333333333,0.460155587586797,0.0061150948954188,0.0146847792839398
"SKI","SKI",1767.82,1855.58,1815.56,1645.9,1741.03,1890.94,2919.73,3192.36,3685.01,3112.55,2842.41,2461.1,2638.41,2787.26,3150.07,3032.93,2735.78,2432.46,2415.51,2995.74,3209.26,3382.4,3042.56,1,1,1759.29,1812.98666666667,-0.0433749998961273,0.517276625552568,0.779893989294641,3150.412,2912.98833333333,0.113040588202233,0.31967432027403,0.441240611082464
"SLC25A33","SLC25A33",853.282,903.585,815.464,468.347,666.4,710.254,98.3234,238.466,158.395,278.506,172.441,274.494,271.932,297.388,260.174,304.893,253.169,105.354,92.2002,101.222,101.622,107.553,101.19,0.194132837956843,1,615.000333333333,857.443666666667,-0.47945469813852,0.0368636870516256,0.10947397972907,189.22628,101.523533333333,0.898298280597346,0.0133496870389322,0.028753172083854
"SLC25A34","SLC25A34",52.6585,34.1692,37.8735,69.3396,44.1325,72.2553,68.3468,69.2319,93.1734,113.362,34.4883,122.888,113.444,94.8049,73.6694,95.9662,125.469,189.637,161.514,143.363,178.727,187.707,164.485,1,1,61.9091333333333,41.5670666666667,0.574711320658993,0.126467235972064,0.288227654075866,75.72048,170.9055,-1.17444336431367,9.89148674304827e-05,0.000570215118128665
"SLC45A1","SLC45A1",10.7466,11.3897,16.5697,3.64945,0,0,10.7916,23.0773,18.6347,40.5863,45.9844,90.8302,75.9073,94.8049,108.173,104.963,112.643,10.7804,9.15463,8.67613,11.015,13.0863,15.7228,4.32210709979302e-11,8.47132991559433e-09,1.21648333333333,12.902,-3.40680626236084,0.00612331353948579,0.030773575736903,27.81486,11.4058766666667,1.28607850627845,0.0254538165867845,0.0493955252575224
"SNORA59A","SNORA59A",0,0,0,0,0,0,0,0,0,0,0,0,0,0,0,0,0,0,0,0,0,0,0,NA,NA,0,0,NA,NA,NA,0,0,NA,NA,NA
"SPEN","SPEN",2659.79,2127.03,2690.2,4513.16,4245.54,4661.24,3293.83,2876.97,2310.7,3039.78,2198.63,3573.1,2972.06,2102.67,2527.14,2498.12,3911.29,3888.3,3627.52,3765.85,3841.38,3823.25,3753.31,1,1,4473.31333333333,2492.34,0.843842924151169,0.000836811301082217,0.0102509384382572,2743.982,3783.26833333333,-0.463362087342195,0.000476287120994037,0.00183043677872218
"SPSB1","SPSB1",65.5544,52.2029,50.8925,234.782,191.976,178.332,257.799,261.543,382.011,884.503,413.859,175.65,241.903,377.224,397.255,384.865,235.882,153.376,141.57,159.476,147.458,184.435,143.118,1,1,201.696666666667,56.2166,1.84311913473648,0.00117861776813124,0.0112725388884477,439.943,154.9055,1.50592824838694,0.0232949499928626,0.0456581019860107
"SRRM1","SRRM1",6157.81,6150.45,6658.64,5704.1,5739.43,5682.03,3402.95,2653.89,2417.85,3623.38,2365.32,2475.12,2729.33,1960.97,1818.42,2129.25,2656.04,3291.46,2857.88,2968.06,3125.05,3138.67,3034.09,0.0191673897530118,1,5708.52,6322.3,-0.147332735663955,0.0221290424994204,0.0735134293201084,2892.678,3069.20166666667,-0.0854577056047832,0.488787441807553,0.606343915153673
"TARDBP","TARDBP",10124.4,10508.9,10281.5,6913.28,8793.39,9430.08,4538.46,3576.98,3750.23,3953.67,3365.48,4035.26,3842.08,3302.21,3130.48,3164.89,3836.01,4426.83,4016.27,3701.82,3430.98,3529.63,3697.68,1.59432568178792e-12,3.12487833630433e-10,8378.91666666667,10304.9333333333,-0.298499540487029,0.0652243631456691,0.175122947623988,3836.964,3800.535,0.0137627085015809,0.885032533610278,1
"TAS1R1","TAS1R1",1.07466,0,2.36709,0,0,0,8.39346,23.0773,9.31734,5.59812,5.74805,6.01082,3.33659,7.98357,13.9879,2.99895,2.7882,2.94011,2.61561,2.47889,4.61918,1.22684,1.61259,0.0386221894892886,1,0,1.14725,-Inf,0.168933082010436,0.348535621832057,10.426854,2.58220333333333,2.0136294182506,0.0271689031362711,0.0517000486864965
"TAS1R3","TAS1R3",0,0,0,0,0,0,3.5972,7.69244,51.2454,19.5934,0,36.0649,28.361,30.9363,23.3131,28.9898,37.9195,4.90019,2.94256,3.71834,9.949,14.3132,10.0787,1,1,0,0,NA,NA,NA,16.425688,7.65033166666667,1.10235960019994,0.336506159365876,0.46031567464002
"TCEB3","TCEB3",1838.75,1953.34,1843.97,1669.02,1899.9,1992.4,2356.16,2230.81,2115.04,1539.48,2020.44,1369.13,1193.66,1283.36,1344.7,1279.55,1210.08,1325.5,1359.14,1505.93,1289.46,1491.43,1422.71,1,1,1853.77333333333,1878.68666666667,-0.019259617647121,0.821041506994806,1,2052.386,1399.02833333333,0.552876909101482,0.000816931344333253,0.00276066454291927
"THAP3","THAP3",62.3304,64.5418,54.4432,66.9066,35.306,27.6722,207.438,130.771,288.838,158.147,175.315,292.527,261.088,320.341,305.868,272.904,282.723,152.886,117.048,149.973,152.433,137.815,129.411,1,1,43.2949333333333,60.4384666666667,-0.48126885869447,0.23881312663671,0.445784503055192,192.1018,139.927666666667,0.457189795058989,0.0702741852237616,0.120822283367169
"TMEM201","TMEM201",183.767,173.693,168.064,139.896,114.744,83.0167,232.619,223.081,270.203,264.511,290.276,437.454,397.888,497.975,555.784,504.822,477.897,425.827,348.857,469.337,521.612,534.903,441.447,2.05299175014565e-09,4.02386383028548e-07,112.552233333333,175.174666666667,-0.638199467030635,0.0214796286075338,0.0725863311564935,256.138,456.997166666667,-0.835263917275975,0.000173587214118927,0.000835667111816005
"TMEM50A","TMEM50A",2542.65,2722.14,2589.6,2375.79,3429.09,3150.02,2654.73,3015.44,3363.56,2407.19,3078.08,1564.82,1603.23,1825.24,1863.18,1972.31,1552.47,1128.51,1275.76,1161.78,1053.17,1048.95,1080.84,0.391554114985622,1,2984.96666666667,2618.13,0.189178086607002,0.315047590913909,0.546454228487842,2903.8,1124.835,1.36822870009831,1.20861254379097e-06,4.44662706276664e-05
"TMEM51","TMEM51",102.093,95.8635,120.722,60.8242,55.1656,53.8071,299.766,323.082,368.035,386.27,373.623,246.444,331.156,421.133,429.894,386.864,239.785,174.937,162.168,250.781,216.746,247.822,226.166,1,1,56.5989666666667,106.226166666667,-0.908291569675793,0.003084992858933,0.020850296563823,350.1552,213.103333333333,0.716441352726175,0.000174807916247226,0.000835667111816005
"TMEM57","TMEM57",679.187,717.553,660.419,1144.71,1699.1,1646.5,956.855,1100.02,1024.91,883.103,974.294,1252.25,1026.83,992.957,1163.79,968.659,1210.64,695.827,684.963,761.021,688.257,656.361,686.562,1,1,1496.77,685.719666666667,1.1261617429338,0.010262622780739,0.0439390318342446,987.8364,695.4985,0.506224727148768,2.04662332372347e-05,0.000154283912096077
"TMEM82","TMEM82",2.14932,2.84743,2.36709,1.21648,0,0,0,0,0,0,0,0,0,0,0,0,1.67292,0,0.653902,0,1.06596,1.22684,0.806297,0.319518684656098,1,0.405493333333333,2.45461333333333,-2.59774567915013,0.0107866283465464,0.0445074823939755,0,0.625499833333333,-Inf,0.0266483266163158,0.0512065883999795
"TMEM88B","TMEM88B",0,0,0,0,0,0,0,0,0,0,0,2.00361,0.834147,0,0.932524,0,2.23056,2.4501,1.3078,4.13149,2.13193,0.408947,4.03148,0.00187794165977388,0.368076565315681,0,0,NA,NA,NA,0,2.41029116666667,-Inf,0.00558491952118694,0.0138562560272486
"TNFRSF14","TNFRSF14",0,0,1.18355,0,0,0,1275.81,1823.11,1751.66,1386.93,1209.96,32.7256,46.7122,58.8789,37.301,49.9824,33.4584,238.149,221.673,228.885,287.1,327.567,266.078,8.78603851300802e-06,0.00172206354854957,0,0.394516666666667,-Inf,0.373900966300059,0.600693355695177,1489.494,261.575333333333,2.50952390651661,2.01434144851093e-06,4.93513654885177e-05
"TNFRSF8","TNFRSF8",139.706,117.694,124.272,14.5978,11.0331,6.14939,19.1851,38.4622,83.8561,27.9906,68.9766,3.33934,1.66829,3.99179,4.66262,1.9993,1.11528,2.94011,6.53902,2.06575,4.26386,3.27158,3.62834,0.0331808167770044,1,10.59343,127.224,-3.58612915760655,7.46544399023208e-05,0.00243871170347581,47.69412,3.78477666666667,3.65553133679898,0.00343971257402786,0.00987408449521483
"TP73","TP73",64.4797,74.0332,79.2976,18.2473,30.8927,24.5975,101.921,23.0773,65.2214,314.894,43.1104,43.4115,56.722,48.8994,57.8165,86.9694,73.6085,74.9729,74.5449,80.1509,71.7749,94.8758,83.8549,1,1,24.5791666666667,72.6035,-1.56260309462566,0.00106399151242607,0.0110826197152406,109.64482,80.02905,0.454241967069129,0.552135977050544,0.655870615163071
"TPRG1L","TPRG1L",430.94,503.046,411.874,1267.58,1151.86,1137.64,1519.22,2584.66,1532.7,1580.07,1612.33,651.172,556.376,776.402,838.339,670.764,551.506,580.183,527.372,600.306,580.24,631.006,633.346,1,1,1185.69333333333,448.62,1.40216507678139,0.000119780925439671,0.00308225519498563,1765.796,592.0755,1.5764656184332,0.000140682115049679,0.000745234987830734
"TTLL10","TTLL10",4.29865,2.84743,3.55064,2.43297,0,0,88.7309,15.3849,79.1974,289.703,34.4883,4.67508,5.00488,2.99384,1.86505,3.99859,24.5362,24.501,15.6937,7.84983,13.1469,42.9395,40.718,0.0439377496514894,1,0.81099,3.56557333333333,-2.13637804593358,0.0392549435832864,0.114835357348121,101.5009,24.1414883333333,2.07190599299481,0.117662492958093,0.184494788958289
"UBE4B","UBE4B",4317.99,4191.42,4390.96,2633.69,2740.63,2930.18,1694.28,1330.79,1444.19,1403.73,1244.45,1688.37,1684.98,1857.18,2135.48,1665.41,1546.34,1686.16,1880.62,1758.78,1674.98,1594.08,1652.51,1,1,2768.16666666667,4300.12333333333,-0.635447231011041,0.000125806334489209,0.00308225519498563,1423.488,1707.855,-0.262755161505136,0.00704316995288259,0.0164362095082102
"UBIAD1","UBIAD1",531.958,617.893,518.394,279.791,271.415,295.171,347.729,523.086,456.55,502.431,454.096,399.386,364.522,342.296,414.041,379.866,415.999,410.146,399.534,447.027,401.868,453.932,454.751,1,1,282.125666666667,556.081666666667,-0.978958851504787,0.00101241666745858,0.0110826197152406,456.7784,427.876333333333,0.0943005476650961,0.358965821378383,0.485222765449401
"UBXN10","UBXN10",35.4639,32.2709,29.5887,60.8242,57.3722,47.6577,510.802,153.849,354.059,1598.26,215.552,68.7905,87.5854,151.688,98.8476,180.936,139.41,140.635,142.551,67.7564,52.5876,123.911,187.867,2.43816222719987e-08,4.77879796531174e-06,55.2847,32.4411666666667,0.769054567445726,0.00599505846657778,0.030773575736903,566.5044,119.218,2.24848508541414,0.0957728694996324,0.153864610015803
"VAMP3","VAMP3",1249.83,1267.11,1258.11,1490.19,1897.7,1887.86,3667.94,4646.23,3731.59,3150.34,4443.24,1158.08,1378.84,1673.56,1716.78,1844.35,1134.8,1655.77,1742.32,1761.67,1738.23,1763.79,1643.64,1,1,1758.58333333333,1258.35,0.482880448901938,0.0203995711537526,0.0706652342048325,3927.868,1717.57,1.19337754958969,9.17432312483101e-06,0.000110788180782229
"VPS13D","VPS13D",1959.11,1674.29,2120.92,1908.66,1846.94,1843.28,3028.84,2938.51,2077.77,2479.97,2192.88,2041.68,2080.36,2319.23,2924.4,2623.08,2156.95,1986.54,1962.03,2048.81,1956.75,1999.34,1966.96,0.00773434118132018,1,1866.29333333333,1918.10666666667,-0.0395071928427893,0.715220483136165,0.987205737286537,2543.594,1986.73833333333,0.356466538265753,0.0107598929266285,0.0239652160638543
"VWA1","VWA1",56.9571,68.3384,48.5254,57.1748,19.8596,12.2988,713.444,638.472,1574.63,734.753,1281.81,617.779,664.815,974.994,1097.58,938.67,685.897,863.414,841.572,780.852,1016.57,1419.46,1156.23,1,1,29.7777333333333,57.9403,-0.960333213681923,0.133903487855499,0.294167144111069,988.6218,1013.01633333333,-0.0351668109049896,0.905682712274245,1
"VWA5B1","VWA5B1",13.9706,6.64401,5.91774,0,0,0,2.39813,7.69244,18.6347,6.99765,5.74805,30.0541,82.5805,92.809,40.0985,78.9722,151.678,24.991,16.3476,12.3945,28.0704,17.9937,13.707,1,1,0,8.84411666666667,-Inf,0.0263207104136626,0.0840419993708469,8.294194,18.9173666666667,-1.18953757958682,0.0200089798900662,0.0400179597801323
"ZBTB40","ZBTB40",1156.34,1180.74,1151.59,2531.5,2261.79,2742.63,1846.56,1446.18,1518.73,1903.36,1118,1020.5,1099.41,893.162,797.308,766.73,1062.3,1119.2,1360.77,1508.82,1483.82,1684.05,1621.87,1,1,2511.97333333333,1162.89,1.11110651294575,0.000638641484054331,0.00901666793299114,1566.566,1463.08833333333,0.0985886780575513,0.529670111052837,0.640835443002197
"ZBTB48","ZBTB48",104.242,110.101,121.905,186.122,66.1987,84.5541,386.099,469.239,372.694,446.45,307.521,257.13,267.761,253.478,234.064,256.91,317.855,334.193,313.219,302.425,379.483,363.963,351.142,1,1,112.2916,112.082666666667,0.00268682479035599,0.995838399184883,1,396.4006,340.7375,0.218298413674635,0.0881251993317258,0.145045387943275
"ZNF593","ZNF593",41.9118,50.3046,37.8735,64.4737,22.0662,26.1349,67.1477,30.7698,163.053,53.1821,135.079,114.206,60.8927,152.686,155.732,128.955,97.587,67.1326,49.0427,59.4935,92.7389,92.8311,77.0013,0.0188317249373669,1,37.5582666666667,43.3633,-0.2073440683117,0.69959890049371,0.979438460691195,89.84632,73.0400166666667,0.298772319322632,0.504475970824536,0.614144660134218
